bn171102923,531353355,1024,0
bn171210493,534599360,31744,0
bn180112842,537480753,0,0
bn180113011,537495365,0,0
bn180113116,537504431,0,0
bn180113418,537530530,0,0
bn180116026,537755817,0,0
bn180116678,537812168,0,0
bn180119837,538085097,0,0
bn180120207,538117098,0,0
bn180122129,538283144,0,0
bn180123820,538429254,0,0
bn180124392,538478640,0,0
bn180125891,538608149,0,0
bn180126095,538625796,0,0
bn180127049,538708277,0,0
bn180127879,538779961,0,0
bn180128215,538809001,0,0
bn180128881,538866564,0,0
bn180130049,538967452,0,0
bn180130744,539027491,0,0
bn180131528,539095197,0,0
bn180201706,539196963,0,0
bn180201780,539203430,0,0
bn180205323,539509509,0,0
bn180206203,539585528,0,0
bn180208764,539806855,0,31744
bn180210517,539958283,0,0
bn180210991,539999193,0,0
bn180211754,540065193,0,0
bn180215689,540405116,0,0
bn180216512,540476225,0,0
bn180218635,540659650,0,31744
bn180219482,540732857,31744,0
bn180222239,540971047,0,0
bn180225417,541245659,0,0
bn180227211,541400661,0,0
bn180227234,541402602,0,0
bn180305393,541934773,0,0
bn180306479,542028572,0,0
bn180306973,542071238,0,0
bn180307073,542079889,0,0
bn180309322,542274195,0,31744
bn180311074,542425558,31744,0
bn180313978,542676502,0,0
bn180314030,542681004,0,0
bn180330891,544137800,0,0
bn180401280,544257768,0,0
bn180401846,544306661,0,0
bn180402406,544355104,0,0
bn180402481,544361536,0,0
bn180403521,544451446,0,0
bn180403565,544455179,0,0
bn180404091,544500703,0,0
bn180404848,544566036,0,0
bn180405169,544593778,0,0
bn180406629,544719965,0,0
bn180407357,544782811,0,0
bn180409346,544954703,0,0
bn180409472,544965623,0,0
bn180410336,545040212,0,0
bn180411390,545131286,0,0
bn180411519,545142465,0,0
bn180411546,545144818,0,0
bn180411588,545148429,0,0
bn180412425,545220731,0,0
bn180413043,545274098,0,0
bn180413118,545280588,0,0
bn180413968,545354072,0,0
bn180416340,545558971,0,0
bn180416924,545609416,31744,0
bn180417689,545675570,0,0
bn180418281,545726651,0,1024
bn180420031,545877914,0,0
bn180420107,545884439,0,0
bn180421202,545979055,0,0
bn180423266,546157425,0,0
bn180426005,546394007,0,0
bn180426549,546441065,0,0
bn180427442,546518228,0,0
bn180504136,547096558,0,0
bn180505540,547217834,0,0
bn180506077,547264230,0,31744
bn180506902,547335543,0,0
bn180511364,547721020,0,0
bn180511437,547727397,0,0
bn180511606,547741943,0,0
bn180513815,547932847,0,0
bn180515814,548105549,0,0
bn180516229,548141392,0,0
bn180517309,548234666,31744,0
bn180521935,548634422,0,0
bn180522607,548692483,0,0
bn180522678,548698602,0,0
bn180523782,548793993,0,0
bn180524192,548829437,0,0
bn180524416,548848711,0,0
bn180524920,548892307,0,0
bn180528371,549190427,0,0
bn180528465,549198594,0,0
bn180602938,549671470,0,0
bn180605458,549889170,0,0
bn180606730,549999103,0,0
bn180610377,550314198,0,0
bn180610568,550330712,0,31744
bn180610791,550349933,0,0
bn180611145,550380546,0,0
bn180612785,550522212,0,0
bn180614327,550655469,0,31744
bn180615462,550753561,0,0
bn180617872,550961728,0,0
bn180618724,551035331,0,0
bn180620354,551176168,0,0
bn180622273,551341967,0,0
bn180622578,551368367,0,0
bn180623849,551478155,0,0
bn180625941,551658886,0,0
bn180630335,552038584,31744,0
bn180630467,552049919,0,31744
bn180701469,552136509,0,0
bn180703876,552344505,0,0
bn180703949,552350816,0,0
bn180705561,552490104,0,0
bn180709099,552795728,0,0
bn180710062,552878923,0,1024
bn180712651,553102687,0,0
bn180715087,553313119,0,0
bn180715741,553369644,0,0
bn180715755,553370830,0,0
bn180718082,553571869,0,0
bn180718201,553582145,0,0
bn180718763,553630709,0,0
bn180720213,553755967,0,0
bn180720598,553789304,0,0
bn180720933,553818238,0,0
bn180721642,553879512,31744,0
bn180722120,553920806,0,0
bn180722418,553946504,0,0
bn180722993,553996158,31744,0
bn180723133,554008254,0,0
bn180723757,554062193,0,0
bn180724807,554152956,0,0
bn180724984,554168183,0,0
bn180727594,554393733,0,0
bn180728575,554478507,0,0
bn180728728,554491747,0,0
bn180728882,554505003,0,0
bn180730018,554603145,31744,0
bn180731891,554765006,0,0
bn180801276,554798228,0,0
bn180801492,554816927,0,0
bn180803590,554998194,0,31744
bn180804554,555081466,0,0
bn180804765,555099744,0,31744
bn180804931,555114043,0,0
bn180805543,555166961,0,0
bn180806665,555263883,0,0
bn180806944,555287944,0,0
bn180807097,555301199,0,0
bn180809485,555507497,0,0
bn180810278,555576051,0,0
bn180812349,555754955,0,31744
bn180814505,555941219,0,0
bn180816088,556078043,0,0
bn180816930,556150797,0,0
bn180818179,556258682,0,0
bn180818520,556288142,31744,0
bn180821653,556558844,0,0
bn180822423,556625312,31744,0
bn180822562,556637319,0,0
bn180823442,556713403,0,0
bn180826055,556939160,0,0
bn180828790,557175451,0,0
bn180905400,557832974,0,0
bn180906597,557936396,0,0
bn180906759,557950350,0,0
bn180906988,557970159,0,0
bn180910032,558233177,0,0
bn180910156,558243861,0,0
bn180910352,558260857,0,0
bn180912274,558426858,0,0
bn180914522,558621112,31744,0
bn180922461,559307037,0,0
bn180922734,559330616,0,0
bn180923931,559434035,0,0
bn180925407,559561595,0,0
bn180927993,559784965,31744,0
bn180929453,559911158,0,0
bn181002617,560184472,0,0
bn181007385,560596468,0,0
bn181007737,560626893,0,0
bn181008269,560672873,0,0
bn181008877,560725347,0,0
bn181010247,560843764,0,0
bn181014479,561209419,0,0
bn181020424,561723063,0,0
bn181020792,561754838,0,0
bn181022846,561932315,0,0
bn181026540,562251425,31744,0
bn181027076,562297792,31744,0
bn181028590,562428587,0,0
bn181029892,562541091,0,0
bn181103046,562900010,0,0
bn181104784,563050153,0,0
bn181111654,563643739,0,0
bn181116484,564061012,0,31744
bn181117663,564162923,0,0
bn181119606,564330742,0,0
bn181119649,564334514,0,0
bn181120265,564387684,0,0
bn181121307,564477694,0,0
bn181121401,564485824,0,0
bn181122381,564570548,0,0
bn181125092,564804725,0,0
bn181126162,564897175,0,0
bn181126729,564946193,31744,0
bn181127274,564993306,0,0
bn181128751,565120919,0,0
bn181203880,565563997,0,0
bn181208188,565936249,0,0
bn181212693,566325471,0,31744
bn181215110,566534323,0,0
bn181216551,566658796,0,0
bn181217665,566755024,31744,0
bn181221565,567092064,0,0
bn181222841,567202302,0,0
bn181225786,567456753,31744,0
bn181226600,567527030,0,0
bn181227262,567584225,0,0
bn181227571,567610956,0,0
bn181228120,567658399,31744,0
bn181230547,567868083,0,0
bn181231144,567919668,0,0
bn181231359,567938208,0,0
bn181231954,567989671,0,0
bn190102258,568102296,0,0
bn190106866,568500435,0,0
bn190107050,568516365,0,0
bn190109217,568703574,0,0
bn190110726,568833894,0,1024
bn190114873,569192227,0,0
bn190117369,569407848,0,0
bn190118937,569543394,0,0
bn190119249,569570348,0,0
bn190122305,569834352,0,0
bn190129515,570457306,0,0
bn190129539,570459347,0,0
bn190131109,570594998,0,0
bn190131856,570659556,0,0
bn190131964,570668920,0,0
bn190202069,570764371,0,0
bn190202234,570778620,0,0
bn190202772,570825115,0,31744
bn190204627,570985375,0,0
bn190205938,571098680,0,0
bn190212482,571664016,0,0
bn190215772,571948287,0,0
bn190217188,572070691,0,0
bn190218330,572169278,0,0
bn190220844,572386536,0,0
bn190222312,572513380,0,0
bn190222537,572532812,0,31744
bn190226515,572876510,0,0
bn190228973,573088881,0,0
bn190303240,573284727,0,0
bn190304371,573382480,0,0
bn190304818,573421048,0,0
bn190306943,573604668,0,0
bn190307151,573622641,0,0
bn190308923,573775791,0,31744
bn190310398,573903157,0,0
bn190312446,574080135,0,0
bn190315512,574345067,0,0
bn190319353,574676902,0,31744
bn190319375,574678842,0,0
bn190320052,574737261,0,0
bn190321363,574850558,0,0
bn190323179,575007439,31744,0
bn190323303,575018216,0,0
bn190323879,575067924,0,0
bn190324348,575108474,0,0
bn190325999,575251142,0,0
bn190326314,575278303,0,0
bn190326975,575335486,0,0
bn190327111,575347155,0,0
bn190330694,575656777,0,0
bn190331093,575691282,0,0
bn190401139,575781625,0,0
bn190404293,576054086,0,0
bn190406450,576240445,0,0
bn190406465,576241792,0,0
bn190406745,576265958,0,0
bn190407575,576337721,31744,0
bn190407672,576346051,0,0
bn190407788,576356086,0,0
bn190408536,576420743,0,0
bn190411407,576668753,0,0
bn190411579,576683643,0,0
bn190415173,576994194,0,0
bn190419414,577360542,0,0
bn190420981,577495949,0,0
bn190422284,577608502,0,0
bn190422670,577641909,0,0
bn190422957,577666709,0,0
bn190425089,577850868,0,0
bn190428783,578170097,0,0
bn190429743,578252995,31744,0
bn190502168,578462495,0,0
bn190504415,578656659,0,0
bn190504678,578679393,0,0
bn190505051,578711654,0,0
bn190507270,578903308,0,0
bn190507712,578941521,0,0
bn190507970,578963794,0,0
bn190508808,579036175,0,0
bn190508987,579051689,0,0
bn190510120,579149538,0,0
bn190510430,579176361,0,0
bn190511302,579251669,1024,0
bn190512611,579364804,0,0
bn190515190,579587588,0,0
bn190517813,579814215,0,0
bn190519309,579943502,0,0
bn190530430,580904353,0,0
bn190531840,581026217,0,31744
bn190601325,581068049,0,0
bn190603795,581281470,0,0
bn190604446,581337762,0,0
bn190605974,581469752,0,0
bn190606080,581478912,0,0
bn190607071,581564569,0,0
bn190608009,581645543,0,0
bn190609315,581758450,0,0
bn190610834,581889628,0,0
bn190611950,581986074,0,0
bn190612165,582004649,0,0
bn190613172,582091643,0,0
bn190613449,582115625,0,0
bn190615636,582304592,0,0
bn190619018,582596766,0,0
bn190619595,582646590,0,0
bn190620507,582725415,0,0
bn190620579,582731612,0,0
bn190622368,582886211,0,0
bn190623461,582980612,0,0
bn190626254,583221986,0,0
bn190627481,583327924,0,0
bn190628521,583417860,0,0
bn190707285,584175010,31744,0
bn190707308,584176986,0,0
bn190708365,584268316,0,0
bn190712018,584583925,0,0
bn190712095,584590606,0,0
bn190714573,584804684,0,0
bn190716917,585007213,0,0
bn190719113,585196946,0,0
bn190719499,585230276,0,0
bn190719624,585241119,0,0
bn190720613,585326534,0,0
bn190720964,585356923,0,0
bn190723309,585559462,0,0
bn190724031,585621841,31744,0
bn190726642,585847498,0,0
bn190726843,585864875,0,31744
bn190727668,585936117,0,0
bn190727846,585951481,0,0
bn190728271,585988241,0,0
bn190731943,586305505,0,0
bn190804058,586574612,0,0
bn190804792,586638042,0,0
bn190805106,586665155,0,0
bn190805199,586673165,0,0
bn190806535,586788607,0,0
bn190806675,586800758,0,0
bn190808498,586958192,0,0
bn190808752,586980202,0,0
bn190810675,587146326,0,0
bn190813520,587392154,0,0
bn190814837,587505927,0,0
bn190817953,587775150,0,0
bn190822705,588185734,0,0
bn190824616,588350802,0,0
bn190825171,588398821,0,0
bn190828542,588690004,0,0
bn190828614,588696271,0,0
bn190829830,588801358,0,0
bn190830023,588817973,0,0
bn190830264,588838851,0,0
bn190831332,588931056,0,0
bn190831693,588962322,0,0
bn190901890,589065714,0,0
bn190904174,589263065,0,0
bn190905985,589419513,0,0
bn190906767,589487114,0,0
bn190910028,589768782,0,0
bn190913155,590038994,0,0
bn190914345,590141799,0,0
bn190915240,590219102,0,0
bn190916590,590335819,0,0
bn190919764,590610007,0,0
bn190921699,590777160,0,0
bn190923617,590942887,0,0
bn190930400,591528971,0,0
bn191001279,591604915,0,0
bn191008297,592211224,0,0
bn191009298,592297741,0,0
bn191015327,592818648,0,0
bn191017391,592997024,0,0
bn191017957,593045905,0,0
bn191019469,593176520,0,0
bn191019970,593219838,0,0
bn191022285,593419810,0,0
bn191022341,593424671,1024,0
bn191023630,593536021,0,0
bn191026350,593771029,0,0
bn191027638,593882352,0,0
bn191028174,593928606,0,0
bn191028589,593964489,0,0
bn191031025,594175000,0,31744
bn191031635,594227699,0,0
bn191031780,594240201,0,0
bn191031891,594249816,31744,0
bn191101895,594336535,0,0
bn191104387,594551878,0,0
bn191104448,594557071,0,0
bn191105258,594627073,0,0
bn191108003,594864282,0,0
bn191110587,595087539,1024,0
bn191111347,595153154,0,31744
bn191111364,595154674,0,0
bn191111547,595170435,0,0
bn191112369,595241483,0,0
bn191113578,595345969,0,0
bn191117006,595642113,0,0
bn191117637,595696663,0,0
bn191118925,595807926,0,0
bn191125206,596350608,0,0
bn191125634,596387570,0,0
bn191129141,596690552,0,0
bn191130253,596786686,0,0
bn191202867,597012536,0,0
bn191203290,597049044,0,0
bn191213254,597909938,0,0
bn191213784,597955752,0,0
bn191220589,598543714,0,0
bn191221802,598648473,0,0
bn191225309,598951521,0,0
bn191225735,598988276,0,0
bn191227069,599103569,0,0
bn191227723,599160109,0,0
bn200101861,599603971,0,0
bn200103678,599761015,0,0
bn200103689,599761948,0,0
bn200105914,599954133,0,0
bn200107810,600117987,0,0
bn200109074,600227156,0,0
bn200110518,600351973,0,0
bn200111633,600448273,0,0
bn200112395,600514112,0,31744
bn200112525,600525396,0,0
bn200114153,600666048,0,0
bn200117517,600956651,0,0
bn200119692,601144632,0,0
bn200120962,601254300,0,0
bn200122221,601363105,0,0
bn200125864,601677816,0,0
bn200127758,601841483,0,0
bn200130248,602056641,0,0
bn200130417,602071201,0,0
bn200201040,602211445,0,0
bn200205845,602626648,0,0
bn200206706,602700986,0,0
bn200207058,602731380,0,0
bn200208052,602817262,0,0
bn200211310,603098793,0,0
bn200211813,603142206,0,0
bn200212451,603197394,0,0
bn200215611,603470376,0,0
bn200216380,603536850,0,0
bn200216564,603552759,0,0
bn200219317,603790614,0,0
bn200219413,603798859,0,0
bn200219998,603849435,0,0
bn200221162,603949983,0,0
bn200223814,604179128,0,0
bn200224212,604213554,0,0
bn200227306,604480813,0,0
bn200228291,604565918,0,0
bn200228469,604581288,0,0
bn200301320,604741251,0,0
bn200303107,604895668,0,0
bn200306934,605226330,0,0
bn200307894,605309224,0,0
bn200308941,605399720,0,0
bn200311636,605632577,0,0
bn200313071,605756501,0,0
bn200313456,605789837,0,0
bn200317028,606098435,0,0
bn200318941,606263732,0,0
bn200319323,606296685,0,0
bn200320414,606391011,0,0
bn200323782,606681997,0,0
bn200325138,606799116,0,0
bn200325620,606840801,0,0
bn200326517,606918292,0,0
bn200327873,607035413,0,0
bn200401292,607417233,0,0
bn200402403,607513182,0,31744
bn200402688,607537834,0,0
bn200402824,607549588,0,0
bn200403896,607642221,0,0
bn200403919,607644248,0,0
bn200403974,607648922,0,0
bn200404706,607712227,0,0
bn200405394,607771646,0,0
bn200407265,607933326,0,0
bn200407388,607943918,0,0
bn200410405,608204639,0,0
bn200412290,608367436,0,0
bn200412381,608375325,0,0
bn200415367,608633290,0,0
bn200418865,608935505,0,0
bn200420106,609042783,0,0
bn200421865,609194764,0,0
bn200425701,609526195,0,0
bn200427768,609704785,0,0
bn200427776,609705411,0,0
bn200427783,609706030,0,0
bn200427835,609710510,0,0
bn200427885,609714890,0,0
bn200427916,609717567,0,0
bn200428173,609739792,0,0
bn200429866,609886052,0,0
bn200501435,610021549,0,0
bn200502574,610119998,0,0
bn200503721,610219118,0,0
bn200503976,610241118,0,0
bn200505994,610415449,0,0
bn200506020,610417726,0,0
bn200506404,610450873,0,0
bn200507662,610559583,0,0
bn200509818,610745923,0,0
bn200509958,610757949,0,0
bn200510445,610800081,0,0
bn200510911,610840281,0,0
bn200514380,611140062,0,0
bn200517786,611434353,0,0
bn200519773,611605955,0,0
bn200522650,611854604,0,0
bn200524211,611989445,0,0
bn200525611,612110433,0,0
bn200528436,612354449,0,0
bn200529039,612406604,0,0
bn200529504,612446739,0,0
bn200530031,612492255,0,0
bn200531119,612586283,0,0
bn200601097,612670794,31744,0
bn200604778,612988790,0,0
bn200604833,612993610,0,0
bn200605762,613073867,0,0
bn200607362,613212114,0,0
bn200607921,613260396,0,0
bn200609380,613386424,0,0
bn200612201,613630183,0,0
bn200613229,613719013,0,0
bn200614608,613838100,0,0
bn200615250,613893610,0,0
bn200616048,613962560,0,0
bn200616654,614014912,0,0
bn200617679,614103490,0,0
bn200619108,614226976,0,0
bn200619252,614239407,0,0
bn200622092,614484713,0,0
bn200623138,614575085,0,0
bn200623752,614628173,0,0
bn200625532,614781954,0,0
bn200629535,615127794,0,0
bn200630980,615252686,0,0
bn200702892,615417863,0,0
bn200703341,615456704,0,0
bn200703970,615511006,0,0
bn200705674,615658198,0,0
bn200706633,615741133,0,0
bn200707072,615779047,0,0
bn200709147,615958281,0,0
bn200711461,616158277,0,0
bn200713919,616370565,0,0
bn200714247,616398967,0,0
bn200714344,616407330,0,0
bn200714437,616415330,0,0
bn200714661,616434741,0,0
bn200714774,616444510,0,0
bn200716060,616555602,0,0
bn200716316,616577673,0,0
bn200716957,616633066,0,0
bn200722094,617076900,0,0
bn200723691,617214929,0,0
bn200724213,617259983,0,0
bn200801352,617963239,0,0
bn200801650,617988951,0,0
bn200802491,618061611,0,0
bn200803149,618118471,0,0
bn200803703,618166368,0,0
bn200808469,618578162,0,0
bn200809211,618642276,0,31744
bn200809255,618646047,0,0
bn200809654,618680492,0,0
bn200811632,618851447,0,0
bn200816486,619270776,0,0
bn200817393,619349125,0,0
bn200818998,619487843,0,0
bn200826187,620108997,0,0
bn200826923,620172587,0,0
bn200830413,620474063,0,0
bn200831462,620564765,0,0
bn200901158,620624852,0,0
bn200903031,620786664,0,0
bn200903113,620793765,0,0
bn200904085,620877780,0,0
bn200906550,621090718,0,0
bn200907957,621212253,0,0
bn200909168,621316887,0,0
bn200914534,621780515,0,0
bn200915846,621893860,0,0
bn200916812,621977324,0,0
bn200919569,622215536,0,0
bn200919964,622249707,0,0
bn200920831,622324624,0,0
bn200922753,622490669,0,0
bn200923748,622576668,0,0
bn200924235,622618714,0,0
bn200924386,622631725,0,0
bn200925610,622737487,0,0
bn200928290,622969084,0,0
bn200928552,622991684,0,0
bn200929204,623047997,0,0
bn201001416,623239145,0,0
bn201004094,623470566,0,0
bn201004365,623493962,0,0
bn201006054,623639877,0,0
bn201007123,623732203,0,0
bn201008443,623846261,0,0
bn201008754,623873165,0,0
bn201011629,624121589,0,0
bn201012233,624173743,0,0
bn201016019,624500874,0,0
bn201016136,624510986,0,0
bn201017407,624620797,0,0
bn201019069,624764407,0,0
bn201019484,624800187,0,0
bn201020732,624908039,0,0
bn201021111,624940800,0,0
bn201026943,625444658,0,0
bn201029847,625695596,0,0
bn201031744,625859489,0,0
bn201104001,626140861,0,0
bn201104808,626210610,0,0
bn201105230,626247072,0,0
bn201105482,626268874,0,0
bn201108645,626542108,0,0
bn201109105,626581870,0,0
bn201111323,626773550,0,0
bn201116035,627180592,0,0
bn201116238,627198169,0,0
bn201120402,627557935,0,0
bn201120442,627561354,0,0
bn201121062,627614994,0,0
bn201121130,627620870,0,0
bn201127147,628140709,0,0
bn201130230,628407054,0,0
bn201201120,628483939,0,0
bn201207977,629076420,0,0
bn201208252,629100208,0,0
bn201213746,629574850,0,0
bn201214672,629654871,0,0
bn201215266,629706213,0,0
bn201216792,629838036,0,0
bn201216963,629852850,0,0
bn201217108,629865308,0,0
bn201218177,629957660,0,0
bn201218798,630011358,0,0
bn201221591,630252708,0,0
bn201221963,630284799,0,0
bn201221978,630286132,0,0
bn201222461,630327810,0,0
bn201223749,630439110,0,0
bn201226553,630681391,0,0
bn201227635,630774852,0,0
bn201228102,630815255,0,0
bn201228640,630861710,0,0
bn201229639,630948017,0,0
bn201231447,631104264,0,0
bn201231550,631113166,0,0
bn201231622,631119348,0,0
bn210101620,631205591,0,0
bn210101861,631226368,0,0
bn210102861,631312759,0,31744
bn210104477,631452424,0,0
bn210105669,631555390,0,0
bn210108424,631793415,0,0
bn210113379,632221553,0,0
bn210114895,632352534,0,0
bn210117458,632573937,0,0
bn210119121,632717654,0,0
bn210120299,632819449,0,0
bn210125369,633257525,0,0
bn210126417,633348010,0,0
bn210127268,633421582,0,0
bn210201567,633879387,0,0
bn210202538,633963272,0,0
bn210202841,633989436,0,0
bn210204270,634112970,0,0
bn210204777,634156744,0,0
bn210207603,634400883,0,0
bn210210713,634669632,0,0
bn210211363,634725803,0,0
bn210213741,634931239,0,0
bn210216931,635206844,0,0
bn210225218,635922820,0,0
bn210228058,636168178,0,0
bn210228277,636187116,0,0
bn210303425,636459103,0,0
bn210308838,636926765,0,0
bn210309999,637027080,0,0
bn210315716,637521056,0,0
bn210318131,637729731,0,0
bn210320996,637977270,0,0
bn210324468,638277273,0,0
bn210324809,638306711,0,0
bn210324833,638308803,0,0
bn210326057,638414549,0,0
bn210328865,638657121,0,0
bn210401970,639011829,0,0
bn210404141,639199407,0,0
bn210405351,639303904,0,0
bn210406949,639441970,0,0
bn210410037,639708801,0,0
bn210411146,639804661,0,0
bn210411564,639840769,0,0
bn210411688,639851475,0,0
bn210413991,640050417,0,0
bn210415284,640162105,0,0
bn210417494,640353092,0,0
bn210417957,640393072,0,31744
bn210419882,640559433,0,0
bn210420215,640588174,0,0
bn210424694,640975205,0,0
bn210424778,640982416,0,0
bn210427206,641192237,0,0
bn210430904,641511742,0,0
bn210501205,641537705,0,0
bn210503815,641763254,0,0
bn210504959,641862052,0,0
bn210507778,642105643,0,0
bn210510806,642367205,0,0
bn210511458,642423542,0,0
bn210511477,642425204,0,0
bn210515546,642776810,0,0
bn210515623,642783411,0,0
bn210516982,642900891,0,0
bn210518033,642991619,0,0
bn210518545,643035854,0,0
bn210518889,643065622,0,0
bn210519277,643099138,0,0
bn210520797,643230427,0,0
bn210524208,643525204,0,0
bn210524473,643548039,0,0
bn210528586,643903431,0,0
bn210529677,643997729,0,0
bn210601724,644260938,0,0
bn210603907,644449593,0,0
bn210605215,644562543,0,0
bn210606164,644644567,0,0
bn210610628,645030227,0,0
bn210615892,645485036,0,31744
bn210615982,645492838,0,0
bn210619532,645799548,0,0
bn210620204,645857659,0,0
bn210621447,645965048,0,0
bn210622064,646018360,0,0
bn210622440,646050786,0,0
bn210624041,646189108,0,31744
bn210624107,646194855,31744,31744
bn210625583,646322348,31744,1024
bn210625891,646349006,31744,0
bn210626345,646388180,0,0
bn210626991,646443989,0,0
bn210627312,646471760,0,0
bn210627748,646509445,0,0
bn210701834,646862474,0,0
bn210704684,647108723,0,0
bn210704815,647120009,0,0
bn210706346,647252274,0,0
bn210706571,647271699,0,0
bn210707023,647310816,0,0
bn210707656,647365516,0,0
bn210709201,647498949,0,0
bn210714331,647942198,0,0
bn210719164,648359752,0,0
bn210722871,648680085,0,0
bn210723615,648744372,0,0
bn210725048,648868114,0,0
bn210725158,648877628,0,0
bn210726106,648959581,0,0
bn210727410,649072251,0,0
bn210731092,649390368,0,0
bn210731367,649414102,0,0
bn210801581,649519043,0,0
bn210801649,649524889,0,0
bn210802839,649627691,0,0
bn210803497,649684549,0,0
bn210807525,650032607,0,0
bn210807687,650046564,0,0
bn210807955,650069729,0,0
bn210812011,650420156,0,0
bn210812699,650479626,0,0
bn210813038,650508868,0,0
bn210815100,650687034,31744,0
bn210820004,651110719,0,0
bn210821320,651224433,0,0
bn210822273,651306769,0,0
bn210822729,651346229,0,0
bn210824174,651471008,0,0
bn210826293,651654110,0,0
bn210827416,651751169,0,0
bn210827424,651751821,0,0
bn210827592,651766354,0,0
bn210903021,652321851,0,0
bn210903077,652326622,0,0
bn210903727,652382823,0,0
bn210904866,652481264,0,0
bn210906073,652585475,0,0
bn210909447,652877004,0,0
bn210909790,652906639,0,0
bn210910032,652927551,0,0
bn210910384,652957973,0,0
bn210911231,653031163,0,0
bn210911636,653066130,0,0
bn210911709,653072474,0,0
bn210911788,653079281,0,0
bn210911849,653084584,0,0
bn210912286,653122278,0,0
bn210912311,653124492,0,0
bn210912513,653141965,0,0
bn210912522,653142699,0,0
bn210912845,653170575,0,0
bn210913345,653213811,0,0
bn210914466,653310641,0,0
bn210915530,653402626,0,0
bn210915630,653411259,0,0
bn210916728,653506116,0,0
bn210917157,653543152,0,0
bn210922070,653967649,0,0
bn210923124,654058748,0,0
bn210923493,654090581,0,0
bn210924960,654217377,0,0
bn210925056,654225613,0,0
bn210925800,654289952,0,0
bn210926869,654382283,0,0
bn210927031,654396242,0,0
bn210927996,654479691,0,0
bn210928761,654545778,0,0
bn210929821,654637347,0,0
bn211001003,654739449,0,31744
bn211002338,654854799,0,0
bn211002740,654889526,0,0
bn211008665,655401471,0,0
bn211011500,655646385,0,0
bn211014070,655868467,0,0
bn211018697,656268212,0,0
bn211018936,656288898,0,0
bn211019250,656315976,0,0
bn211021460,656506979,0,0
bn211023546,656687148,0,0
bn211027244,657006717,0,0
bn211031175,657346304,0,0
bn211102338,657533168,0,0
bn211102587,657554740,0,0
bn211104765,657742914,0,0
bn211107848,658009245,0,0
bn211109028,658111189,0,0
bn211109113,658118572,0,0
bn211112607,658420467,0,0
bn211113451,658493383,0,0
bn211115688,658686687,0,0
bn211116487,658755664,0,0
bn211116586,658764238,0,0
bn211120548,659106591,0,0
bn211121434,659183098,0,0
bn211130636,659978192,0,0
bn211201863,660084177,0,0
bn211204144,660281261,0,31744
bn211204493,660311410,0,0
bn211204901,660346625,0,0
bn211210937,660868196,0,0
bn211211549,660921004,0,0
bn211211909,660952127,0,0
bn211212394,660994088,0,0
bn211212532,661005991,0,0
bn211216282,661329957,0,0
bn211216556,661353672,0,0
bn211217295,661417475,0,0
bn211219622,661618527,0,0
bn211219910,661643391,0,0
bn211223350,661940607,0,0
bn211224155,662010159,0,0
bn211225014,662084433,0,0
bn211225760,662148849,0,0
bn211229145,662441360,0,0
bn211229930,662509128,0,0
bn211231292,662626836,0,0
bn220101930,662768315,0,0
bn220103877,662936597,0,0
bn220104167,662961667,0,0
bn220107615,663259536,0,0
bn220107793,663274898,0,0
bn220108026,663295065,0,0
bn220111325,663580106,0,0
bn220111807,663621714,0,0
bn220112361,663669570,0,0
bn220114168,663825741,0,0
bn220114585,663861712,0,0
bn220114673,663869328,0,0
bn220115230,663917434,0,0
bn220115296,663923149,0,0
bn220115709,663958832,0,0
bn220115724,663960124,0,0
bn220115943,663979075,0,0
bn220116590,664034983,0,0
bn220117199,664087560,0,0
bn220118764,664222840,0,0
bn220120619,664383120,0,0
bn220124074,664681625,0,0
bn220129873,665182655,0,0
bn220130968,665277280,0,0
bn220131236,665300433,0,0
bn220201674,665424680,0,0
bn220209959,666140455,0,0
bn220210998,666230203,0,0
bn220211047,666234473,0,0
bn220211657,666287193,0,0
bn220212892,666393834,0,0
bn220214002,666489765,0,0
bn220219473,666962499,0,0
bn220220767,667074291,0,0
bn220222098,667189282,0,0
bn220222808,667250652,0,0
bn220223094,667275321,0,0
bn220228438,667737010,0,0
bn220304228,668064543,0,0
bn220305481,668172805,0,0
bn220305676,668189587,0,0
bn220306306,668244005,0,0
bn220306761,668283341,0,0
bn220308233,668410535,0,0
bn220309253,668498688,0,0
bn220310122,668573712,0,0
bn220310933,668643836,0,0
bn220311690,668709203,0,0
bn220314898,668986382,0,0
bn220315101,669003961,0,0
bn220316476,669122742,0,0
bn220317534,669214115,0,0
bn220321282,669537987,0,0
bn220323507,669730216,0,0
bn220324110,669782349,0,0
bn220325879,669935178,0,0
bn220326173,669960577,0,0
bn220330520,670336094,0,0
bn220331776,670444627,0,0
bn220401429,670501065,0,0
bn220401896,670541394,0,0
bn220403424,670673407,0,0
bn220404741,670787248,0,0
bn220405258,670831904,0,0
bn220408240,671089569,0,0
bn220408311,671095689,0,0
bn220411306,671354405,0,0
bn220415645,671729344,0,0
bn220417578,671896360,0,0
bn220418661,671989923,0,0
bn220421346,672221879,0,0
bn220424481,672492774,0,0
bn220426285,672648596,0,0
bn220426299,672649841,0,0
bn220430900,673047364,0,0
bn220501828,673127515,0,0
bn220507423,673610950,0,0
bn220508939,673741974,0,0
bn220510147,673846271,0,0
bn220511571,673969321,0,0
bn220512211,674024640,0,0
bn220513865,674167573,0,0
bn220514517,674223877,0,0
bn220516525,674397342,0,0
bn220518717,674586717,0,0
bn220521972,674868026,0,0
bn220522110,674879945,0,0
bn220523175,674971894,0,0
bn220523558,675005053,0,0
bn220525008,675130259,0,0
bn220527387,675335840,0,0
bn220528259,675411172,0,0
bn220530465,675601803,0,0
bn220603992,675992935,0,0
bn220606025,676168544,0,0
bn220606044,676170213,0,0
bn220608211,676357429,0,0
bn220609063,676431059,0,0
bn220610295,676537486,0,0
bn220613395,676805294,0,0
bn220617673,677174940,0,0
bn220617772,677183477,0,0
bn220618382,677236224,0,0
bn220618761,677268939,0,0
bn220619207,677307509,0,0
bn220620016,677377371,0,0
bn220620064,677381531,0,0
bn220620261,677398590,0,0
bn220622394,677582837,0,0
bn220623649,677691241,0,0
bn220624124,677732320,0,0
bn220624316,677748901,0,0
bn220624431,677758829,0,0
bn220627890,678057665,0,0
bn220627901,678058621,0,0
bn220704575,678635286,0,0
bn220705282,678696358,0,0
bn220711279,679214472,0,0
bn220711675,679248723,0,0
bn220711761,679256193,0,0
bn220713691,679422947,0,0
bn220714582,679499891,0,0
bn220715368,679567785,0,0
bn220715691,679595675,0,0
bn220715934,679616687,0,0
bn220719587,679932336,0,0
bn220721021,680056230,0,0
bn220724988,680398988,0,0
bn220725244,680421061,0,0
bn220725563,680448680,0,0
bn220726405,680521372,0,0
bn220727192,680589392,0,0
bn220729429,680782656,0,0
bn220730659,680888940,0,0
bn220804089,681271717,0,0
bn220807581,681573391,0,0
bn220810969,681866147,0,0
bn220821296,682758340,0,0
bn220823145,682918137,0,0
bn220823618,682959038,0,0
bn220825082,683085473,0,0
bn220826059,683169890,0,0
bn220826218,683183601,0,0
bn220826431,683202084,0,0
bn220826497,683207727,0,0
bn220827896,683328608,0,0
bn220829610,683476673,0,0
bn220830319,683537972,0,0
bn220830709,683571622,0,0
bn220831550,683644301,0,0
bn220831581,683646997,0,0
bn220831664,683654200,0,0
bn220902438,683807405,0,0
bn220903125,683866843,0,0
bn220903511,683900183,0,0
bn220905433,684066232,0,0
bn220905478,684070128,0,0
bn220907587,684252331,0,0
bn220909286,684399138,0,0
bn220910627,684514982,0,0
bn220912035,684636626,0,0
bn220912963,684716840,0,0
bn220915022,684894705,0,0
bn220915218,684911625,0,0
bn220915400,684927323,0,0
bn220917614,685118670,0,0
bn220921462,685451164,0,0
bn220921473,685452089,0,0
bn220924906,685748699,0,0
bn220925462,685796761,0,0
bn220927234,685949785,0,0
bn221002482,686403226,0,0
bn221004622,686588176,0,0
bn221009553,687014224,0,0
bn221011452,687178284,0,0
bn221011591,687190301,0,0
bn221012533,687271629,0,0
bn221012635,687280449,0,0
bn221012646,687281393,0,0
bn221012906,687303863,0,0
bn221012977,687310007,0,0
bn221013029,687314545,0,0
bn221013100,687320613,0,0
bn221013334,687340841,0,0
bn221013376,687344475,0,0
bn221013391,687345829,0,0
bn221013862,687386508,0,0
bn221014021,687400191,0,0
bn221014098,687406838,0,0
bn221014300,687424353,0,0
bn221014309,687425087,0,0
bn221014579,687448456,0,0
bn221014719,687460494,0,0
bn221016986,687656367,0,0
bn221018459,687783632,0,0
bn221021388,688036710,0,0
bn221022612,688142511,0,0
bn221022815,688160018,0,0
bn221022955,688172153,0,0
bn221025040,688352303,0,0
bn221025954,688431261,0,0
bn221027173,688536579,0,0
bn221029045,688698332,0,0
bn221103285,689151023,0,0
bn221104291,689237921,0,0
bn221104472,689253589,0,0
bn221107058,689476977,0,0
bn221108472,689599178,0,0
bn221109533,689690844,0,0
bn221109606,689697195,0,0
bn221110619,689784662,0,0
bn221112263,689926689,0,0
bn221114541,690123516,0,0
bn221115018,690164733,0,0
bn221115874,690238723,0,0
bn221118575,690472104,0,0
bn221119627,690562978,0,0
bn221120895,690672572,0,0
bn221121274,690705294,0,31744
bn221126547,691160854,0,0
bn221127352,691230435,0,0
bn221201517,691590290,31744,0
bn221202904,691710117,0,0
bn221203537,691764784,0,0
bn221203886,691794987,0,0
bn221205022,691893121,0,0
bn221206464,692017652,0,0
bn221206516,692022172,0,0
bn221209243,692257829,0,0
bn221209877,692312612,0,0
bn221210108,692332543,0,0
bn221211274,692433298,0,0
bn221212278,692520064,0,0
bn221213290,692607435,0,31744
bn221215066,692760884,0,31744
bn221215177,692770472,0,31744
bn221215673,692813379,0,0
bn221216473,692882483,0,0
bn221221915,693352668,0,31744
bn221221944,693355175,31744,0
bn221223997,693532571,0,31744
bn221226698,693765872,0,31744
bn221226945,693787285,0,31744
bn221228204,693895999,0,0
bn221229905,694043024,0,0
bn221231907,694215970,0,0
bn230101095,694232203,0,31744
bn230102015,694311737,31744,0
bn230110649,695057654,0,0
bn230111797,695156867,0,0
bn230112342,695203957,0,0
bn230112829,695246032,0,0
bn230114708,695408358,0,0
bn230116205,695537679,0,0
bn230116374,695552351,0,0
bn230116575,695569700,0,0
bn230117211,695624649,0,0
bn230118996,695778855,0,0
bn230119558,695827421,0,0
bn230124638,696266331,0,0
bn230126764,696450049,0,0
bn230128950,696638874,0,0
bn230129246,696664435,0,0
bn230129542,696690031,0,0
bn230130204,696747233,0,0
bn230201060,696907589,0,0
bn230201236,696922778,0,0
bn230201831,696974213,0,0
bn230203275,697098930,0,0
bn230204547,697208885,0,0
bn230204906,697239872,0,0
bn230206723,697396830,0,0
bn230206797,697403223,0,0
bn230207021,697422649,0,0
bn230208382,697540213,0,0
bn230209187,697609725,0,0
bn230209939,697674761,0,0
bn230209983,697678542,0,0
bn230211733,697829776,0,0
bn230212597,697904388,0,0
bn230212847,697926015,0,0
bn230215612,698164883,0,0
bn230217912,698363595,0,0
bn230218657,698427992,0,0
bn230220892,698621110,0,0
bn230222404,698751714,0,0
bn230223997,698889306,0,0
bn230225141,698988164,0,0
bn230225460,699015783,0,0
bn230225618,699029364,0,0
bn230227432,699186128,0,0
bn230301278,699345615,0,0
bn230301687,699380928,0,0
bn230304265,699603659,0,0
bn230304608,699633354,0,0
bn230304624,699634754,0,0
bn230304918,699660104,0,0
bn230305570,699716434,0,0
bn230307656,699896651,0,0
bn230308564,699975152,0,0
bn230310031,700101906,0,0
bn230313485,700400328,0,0
bn230314119,700455089,0,0
bn230316546,700664795,0,0
bn230320150,700976129,0,0
bn230320884,701039550,0,0
bn230321100,701058254,0,0
bn230321182,701065308,0,0
bn230322873,701211466,0,0
bn230324049,701313046,0,0
bn230328582,701704709,0,0
bn230328621,701708092,0,0
bn230330018,701828769,0,0
bn230330191,701843674,0,0
bn230402314,702113560,0,0
bn230404958,702342012,0,0
bn230405627,702399789,0,0
bn230405832,702417488,0,0
bn230409033,702694098,0,0
bn230409626,702745263,0,0
bn230409936,702772070,0,0
bn230410476,702818765,0,0
bn230414334,703152053,0,0
bn230415867,703284533,0,0
bn230421405,703762971,0,0
bn230424394,704021207,0,0
bn230426853,704233744,0,0
bn230430196,704522559,0,0
bn230430325,704533643,0,0
bn230503847,704837952,0,0
bn230506214,705042501,0,0
bn230506715,705085761,0,0
bn230510133,705381054,0,31744
bn230510503,705413051,0,0
bn230510890,705446499,0,0
bn230511145,705468492,0,0
bn230511469,705496510,0,0
bn230511548,705503315,0,0
bn230512269,705565670,0,0
bn230513929,705709044,0,0
bn230514996,705801262,0,0
bn230516743,705952199,0,0
bn230517462,706014351,0,0
bn230518951,706142972,0,0
bn230520966,706317104,0,0
bn230521211,706338208,0,0
bn230523474,706533794,0,0
bn230524239,706599831,0,0
bn230524255,706601200,0,0
bn230525449,706704373,0,0
bn230527290,706863439,0,0
bn230529330,707039690,0,0
bn230603525,707488534,0,0
bn230608468,707915617,0,0
bn230613373,708339390,0,0
bn230614009,708394340,0,0
bn230614385,708426906,0,0
bn230614424,708430236,0,0
bn230618227,708758776,0,0
bn230621990,709083929,0,0
bn230625767,709410255,0,0
bn230626604,709482627,0,0
bn230628067,709608965,0,0
bn230628734,709666599,0,0
bn230628849,709676556,0,0
bn230701025,709864601,0,0
bn230701948,709944284,0,0
bn230702527,709994338,0,0
bn230703954,710117592,0,0
bn230704821,710192540,0,0
bn230707141,710392976,0,0
bn230707782,710448385,0,0
bn230709706,710614579,0,0
bn230709735,710617111,0,0
bn230709902,710631570,0,0
bn230710826,710711405,0,0
bn230712868,710887802,0,0
bn230713999,710985550,0,0
bn230715072,711078200,0,0
bn230715190,711088412,0,0
bn230717117,711254953,0,0
bn230723194,711779928,0,0
bn230723488,711805358,0,0
bn230724049,711853834,0,0
bn230725439,711973975,0,0
bn230725540,711982704,0,0
bn230727460,712148591,0,0
bn230728560,712243612,0,0
bn230729294,712306969,0,0
bn230731986,712539561,0,0
bn230802999,712713532,0,0
bn230803061,712718833,0,0
bn230803642,712769114,0,0
bn230803977,712798043,0,0
bn230805303,712912581,0,0
bn230805684,712945515,0,0
bn230806217,712991593,0,0
